{
  "defaults": {
    "scoreStart": 85,
    "penalty": {
      "hoch": 15,
      "mittel": 8,
      "niedrig": 3
    },
    "targetSavingsDefaultPct": 0.08,
    "targetSavingsBand": [
      0.05,
      0.12
    ]
  },
  "rules": [
    {
      "id": "cyber_missing_high",
      "level": "hoch",
      "message": "Cyberdeckung fehlt bei erhöhtem Risiko (Branche).",
      "conditions": [
        {
          "type": "notExistsContractWithSparte",
          "value": "Cyber"
        },
        {
          "type": "customerIndustryIn",
          "values": [
            "IT-Dienstleistung",
            "E-Commerce",
            "Gesundheitswesen"
          ]
        }
      ]
    },
    {
      "id": "bhv_coverage_low_for_revenue",
      "level": "mittel",
      "message": "BHV-Deckungssumme < 5 Mio bei Umsatz ≥ 2 Mio EUR.",
      "conditions": [
        {
          "type": "existsContractWithSparte",
          "value": "Betriebshaftpflicht (BHV)"
        },
        {
          "type": "customerRevenueGte",
          "value": 2000000
        },
        {
          "type": "contractFieldLtIfSparte",
          "sparte": "Betriebshaftpflicht (BHV)",
          "field": "deckungssumme",
          "value": 5000000
        }
      ]
    },
    {
      "id": "do_missing_mid",
      "level": "mittel",
      "message": "D&O empfohlen ab 20 Mitarbeitenden.",
      "conditions": [
        {
          "type": "customerEmployeesGte",
          "value": 20
        },
        {
          "type": "notExistsContractWithSparte",
          "value": "D&O"
        }
      ]
    },
    {
      "id": "business_interruption_missing",
      "level": "mittel",
      "message": "Ertragsausfall/BU fehlt trotz Inhalt/Gebäude.",
      "conditions": [
        {
          "type": "existsContractWithSparte",
          "value": "Inhalt"
        },
        {
          "type": "notExistsContractWithSparte",
          "value": "Ertragsausfall/BU"
        }
      ]
    },
    {
      "id": "cancellation_window",
      "level": "niedrig",
      "message": "Wechselfenster prüfen: Laufzeitende in <120 Tagen und Kündigungsfrist ≥90 Tage.",
      "conditions": [
        {
          "type": "contractEndWithinDays",
          "value": 120
        },
        {
          "type": "contractNoticeAtLeastDays",
          "value": 90
        }
      ]
    }
  ]
}